country;year;sex;age;suicides_no;population;suicides/100k pop;country-year;HDI for year; gdp_for_year ($) ;gdp_per_capita ($);generation
Argentina;2010;male;75+ years;206;657096;31.35;Argentina2010;0.811;423,627,422,092;11273;Silent
Argentina;2010;male;15-24 years;683;3455127;19.77;Argentina2010;0.811;423,627,422,092;11273;Millenials
Argentina;2010;male;25-34 years;485;3237957;14.98;Argentina2010;0.811;423,627,422,092;11273;Generation X
Argentina;2010;male;55-74 years;397;2740656;14.49;Argentina2010;0.811;423,627,422,092;11273;Silent
Argentina;2010;male;35-54 years;573;4648068;12.33;Argentina2010;0.811;423,627,422,092;11273;Generation X
Argentina;2010;female;15-24 years;150;3358103;4.47;Argentina2010;0.811;423,627,422,092;11273;Millenials
Argentina;2010;female;35-54 years;162;4804030;3.37;Argentina2010;0.811;423,627,422,092;11273;Generation X
Argentina;2010;female;25-34 years;101;3210247;3.15;Argentina2010;0.811;423,627,422,092;11273;Generation X
Argentina;2010;female;55-74 years;99;3212253;3.08;Argentina2010;0.811;423,627,422,092;11273;Silent
Argentina;2010;female;75+ years;34;1234182;2.75;Argentina2010;0.811;423,627,422,092;11273;Silent
Argentina;2010;male;5-14 years;33;3570316;0.92;Argentina2010;0.811;423,627,422,092;11273;Generation Z
Argentina;2010;female;5-14 years;20;3450419;0.58;Argentina2010;0.811;423,627,422,092;11273;Generation Z
Argentina;2011;male;75+ years;178;674738;26.38;Argentina2011;0.818;530,163,281,575;13946;Silent
Argentina;2011;male;15-24 years;693;3471151;19.96;Argentina2011;0.818;530,163,281,575;13946;Millenials
Argentina;2011;male;25-34 years;510;3258804;15.65;Argentina2011;0.818;530,163,281,575;13946;Millenials
Argentina;2011;male;55-74 years;416;2788575;14.92;Argentina2011;0.818;530,163,281,575;13946;Boomers
Argentina;2011;male;35-54 years;504;4738525;10.64;Argentina2011;0.818;530,163,281,575;13946;Generation X
Argentina;2011;female;15-24 years;172;3372659;5.1;Argentina2011;0.818;530,163,281,575;13946;Millenials
Argentina;2011;female;35-54 years;157;4893085;3.21;Argentina2011;0.818;530,163,281,575;13946;Generation X
Argentina;2011;female;25-34 years;102;3224774;3.16;Argentina2011;0.818;530,163,281,575;13946;Millenials
Argentina;2011;female;55-74 years;93;3268753;2.85;Argentina2011;0.818;530,163,281,575;13946;Boomers
Argentina;2011;female;75+ years;30;1260121;2.38;Argentina2011;0.818;530,163,281,575;13946;Silent
Argentina;2011;female;5-14 years;29;3472180;0.84;Argentina2011;0.818;530,163,281,575;13946;Generation Z
Argentina;2011;male;5-14 years;28;3592374;0.78;Argentina2011;0.818;530,163,281,575;13946;Generation Z
Argentina;2012;male;75+ years;225;688560;32.68;Argentina2012;0.831;545,982,375,701;14203;Silent
Argentina;2012;male;15-24 years;745;3480902;21.4;Argentina2012;0.831;545,982,375,701;14203;Millenials
Argentina;2012;male;25-34 years;616;3268154;18.85;Argentina2012;0.831;545,982,375,701;14203;Millenials
Argentina;2012;male;55-74 years;451;2839783;15.88;Argentina2012;0.831;545,982,375,701;14203;Boomers
Argentina;2012;male;35-54 years;554;4841057;11.44;Argentina2012;0.831;545,982,375,701;14203;Generation X
Argentina;2012;female;15-24 years;204;3380770;6.03;Argentina2012;0.831;545,982,375,701;14203;Millenials
Argentina;2012;female;35-54 years;164;4993138;3.28;Argentina2012;0.831;545,982,375,701;14203;Generation X
Argentina;2012;female;55-74 years;108;3328463;3.24;Argentina2012;0.831;545,982,375,701;14203;Boomers
Argentina;2012;female;25-34 years;102;3228400;3.16;Argentina2012;0.831;545,982,375,701;14203;Millenials
Argentina;2012;female;75+ years;33;1282726;2.57;Argentina2012;0.831;545,982,375,701;14203;Silent
Argentina;2012;male;5-14 years;29;3615254;0.8;Argentina2012;0.831;545,982,375,701;14203;Generation Z
Argentina;2012;female;5-14 years;17;3494571;0.49;Argentina2012;0.831;545,982,375,701;14203;Generation Z
Argentina;2013;male;75+ years;168;699046;24.03;Argentina2013;0.833;552,025,140,252;14206;Silent
Argentina;2013;male;15-24 years;696;3486661;19.96;Argentina2013;0.833;552,025,140,252;14206;Millenials
Argentina;2013;male;25-34 years;499;3271373;15.25;Argentina2013;0.833;552,025,140,252;14206;Millenials
Argentina;2013;male;55-74 years;398;2894129;13.75;Argentina2013;0.833;552,025,140,252;14206;Boomers
Argentina;2013;male;35-54 years;604;4950850;12.2;Argentina2013;0.833;552,025,140,252;14206;Generation X
Argentina;2013;female;15-24 years;167;3384642;4.93;Argentina2013;0.833;552,025,140,252;14206;Millenials
Argentina;2013;female;25-34 years;102;3226464;3.16;Argentina2013;0.833;552,025,140,252;14206;Millenials
Argentina;2013;female;35-54 years;157;5099167;3.08;Argentina2013;0.833;552,025,140,252;14206;Generation X
Argentina;2013;female;55-74 years;102;3390673;3.01;Argentina2013;0.833;552,025,140,252;14206;Boomers
Argentina;2013;female;75+ years;29;1303352;2.23;Argentina2013;0.833;552,025,140,252;14206;Silent
Argentina;2013;female;5-14 years;32;3515742;0.91;Argentina2013;0.833;552,025,140,252;14206;Generation Z
Argentina;2013;male;5-14 years;33;3637026;0.91;Argentina2013;0.833;552,025,140,252;14206;Generation Z
Argentina;2014;male;75+ years;192;706897;27.16;Argentina2014;0.836;526,319,673,732;13400;Silent
Argentina;2014;male;15-24 years;738;3492454;21.13;Argentina2014;0.836;526,319,673,732;13400;Millenials
Argentina;2014;male;25-34 years;531;3276955;16.2;Argentina2014;0.836;526,319,673,732;13400;Millenials
Argentina;2014;male;55-74 years;405;2951616;13.72;Argentina2014;0.836;526,319,673,732;13400;Boomers
Argentina;2014;male;35-54 years;644;5060862;12.73;Argentina2014;0.836;526,319,673,732;13400;Generation X
Argentina;2014;female;15-24 years;204;3388324;6.02;Argentina2014;0.836;526,319,673,732;13400;Millenials
Argentina;2014;female;35-54 years;196;5203634;3.77;Argentina2014;0.836;526,319,673,732;13400;Generation X
Argentina;2014;female;25-34 years;118;3227239;3.66;Argentina2014;0.836;526,319,673,732;13400;Millenials
Argentina;2014;female;55-74 years;109;3454994;3.15;Argentina2014;0.836;526,319,673,732;13400;Boomers
Argentina;2014;female;75+ years;25;1323654;1.89;Argentina2014;0.836;526,319,673,732;13400;Silent
Argentina;2014;female;5-14 years;35;3533961;0.99;Argentina2014;0.836;526,319,673,732;13400;Generation Z
Argentina;2014;male;5-14 years;34;3655965;0.93;Argentina2014;0.836;526,319,673,732;13400;Generation Z
Argentina;2015;male;75+ years;245;712691;34.38;Argentina2015;;594,749,285,413;14981;Silent
Argentina;2015;male;15-24 years;656;3500580;18.74;Argentina2015;;594,749,285,413;14981;Millenials
Argentina;2015;male;55-74 years;431;3011963;14.31;Argentina2015;;594,749,285,413;14981;Boomers
Argentina;2015;male;25-34 years;465;3289927;14.13;Argentina2015;;594,749,285,413;14981;Millenials
Argentina;2015;male;35-54 years;633;5166179;12.25;Argentina2015;;594,749,285,413;14981;Generation X
Argentina;2015;female;15-24 years;153;3394201;4.51;Argentina2015;;594,749,285,413;14981;Millenials
Argentina;2015;female;55-74 years;125;3520779;3.55;Argentina2015;;594,749,285,413;14981;Boomers
Argentina;2015;female;25-34 years;114;3235582;3.52;Argentina2015;;594,749,285,413;14981;Millenials
Argentina;2015;female;35-54 years;166;5301368;3.13;Argentina2015;;594,749,285,413;14981;Generation X
Argentina;2015;female;75+ years;27;1344980;2.01;Argentina2015;;594,749,285,413;14981;Silent
Argentina;2015;male;5-14 years;39;3672155;1.06;Argentina2015;;594,749,285,413;14981;Generation Z
Argentina;2015;female;5-14 years;19;3549219;0.54;Argentina2015;;594,749,285,413;14981;Generation Z
Brazil;2010;male;75+ years;358;1882113;19.02;Brazil2010;0.737;2,208,871,646,203;12161;Silent
Brazil;2010;male;55-74 years;1236;10813388;11.43;Brazil2010;0.737;2,208,871,646,203;12161;Silent
Brazil;2010;male;25-34 years;1832;17023785;10.76;Brazil2010;0.737;2,208,871,646,203;12161;Generation X
Brazil;2010;male;35-54 years;2586;24501254;10.55;Brazil2010;0.737;2,208,871,646,203;12161;Generation X
Brazil;2010;male;15-24 years;1288;17726866;7.27;Brazil2010;0.737;2,208,871,646,203;12161;Millenials
Brazil;2010;female;35-54 years;835;26004856;3.21;Brazil2010;0.737;2,208,871,646,203;12161;Generation X
Brazil;2010;female;55-74 years;339;12605588;2.69;Brazil2010;0.737;2,208,871,646,203;12161;Silent
Brazil;2010;female;75+ years;79;2940677;2.69;Brazil2010;0.737;2,208,871,646,203;12161;Silent
Brazil;2010;female;25-34 years;404;17054489;2.37;Brazil2010;0.737;2,208,871,646,203;12161;Generation X
Brazil;2010;female;15-24 years;368;17237481;2.13;Brazil2010;0.737;2,208,871,646,203;12161;Millenials
Brazil;2010;male;5-14 years;56;17242386;0.32;Brazil2010;0.737;2,208,871,646,203;12161;Generation Z
Brazil;2010;female;5-14 years;48;16596829;0.29;Brazil2010;0.737;2,208,871,646,203;12161;Generation Z
Brazil;2011;male;75+ years;352;2002447;17.58;Brazil2011;0.742;2,616,201,578,192;14245;Silent
Brazil;2011;male;55-74 years;1323;11208705;11.8;Brazil2011;0.742;2,616,201,578,192;14245;Boomers
Brazil;2011;male;25-34 years;1907;17249585;11.06;Brazil2011;0.742;2,616,201,578,192;14245;Millenials
Brazil;2011;male;35-54 years;2754;24975171;11.03;Brazil2011;0.742;2,616,201,578,192;14245;Generation X
Brazil;2011;male;15-24 years;1335;17674787;7.55;Brazil2011;0.742;2,616,201,578,192;14245;Millenials
Brazil;2011;female;35-54 years;805;26488792;3.04;Brazil2011;0.742;2,616,201,578,192;14245;Generation X
Brazil;2011;female;55-74 years;352;13063915;2.69;Brazil2011;0.742;2,616,201,578,192;14245;Boomers
Brazil;2011;female;15-24 years;413;17180849;2.4;Brazil2011;0.742;2,616,201,578,192;14245;Millenials
Brazil;2011;female;25-34 years;400;17253232;2.32;Brazil2011;0.742;2,616,201,578,192;14245;Millenials
Brazil;2011;female;75+ years;71;3110432;2.28;Brazil2011;0.742;2,616,201,578,192;14245;Silent
Brazil;2011;male;5-14 years;63;17044425;0.37;Brazil2011;0.742;2,616,201,578,192;14245;Generation Z
Brazil;2011;female;5-14 years;47;16404101;0.29;Brazil2011;0.742;2,616,201,578,192;14245;Generation Z
Brazil;2012;male;75+ years;376;2123165;17.71;Brazil2012;0.746;2,465,188,674,415;13283;Silent
Brazil;2012;male;55-74 years;1458;11612925;12.55;Brazil2012;0.746;2,465,188,674,415;13283;Boomers
Brazil;2012;male;35-54 years;2885;25463652;11.33;Brazil2012;0.746;2,465,188,674,415;13283;Generation X
Brazil;2012;male;25-34 years;1930;17418954;11.08;Brazil2012;0.746;2,465,188,674,415;13283;Millenials
Brazil;2012;male;15-24 years;1313;17644319;7.44;Brazil2012;0.746;2,465,188,674,415;13283;Millenials
Brazil;2012;female;35-54 years;877;26979566;3.25;Brazil2012;0.746;2,465,188,674,415;13283;Generation X
Brazil;2012;female;55-74 years;418;13532752;3.09;Brazil2012;0.746;2,465,188,674,415;13283;Boomers
Brazil;2012;female;25-34 years;455;17398447;2.62;Brazil2012;0.746;2,465,188,674,415;13283;Millenials
Brazil;2012;female;75+ years;80;3285641;2.43;Brazil2012;0.746;2,465,188,674,415;13283;Silent
Brazil;2012;female;15-24 years;383;17145894;2.23;Brazil2012;0.746;2,465,188,674,415;13283;Millenials
Brazil;2012;male;5-14 years;79;16810876;0.47;Brazil2012;0.746;2,465,188,674,415;13283;Generation Z
Brazil;2012;female;5-14 years;41;16175024;0.25;Brazil2012;0.746;2,465,188,674,415;13283;Generation Z
Brazil;2013;male;75+ years;370;2240434;16.51;Brazil2013;0.752;2,472,806,919,902;13191;Silent
Brazil;2013;male;55-74 years;1474;12036068;12.25;Brazil2013;0.752;2,472,806,919,902;13191;Boomers
Brazil;2013;male;35-54 years;3053;25965164;11.76;Brazil2013;0.752;2,472,806,919,902;13191;Generation X
Brazil;2013;male;25-34 years;2004;17534209;11.43;Brazil2013;0.752;2,472,806,919,902;13191;Millenials
Brazil;2013;male;15-24 years;1317;17627508;7.47;Brazil2013;0.752;2,472,806,919,902;13191;Millenials
Brazil;2013;female;35-54 years;897;27475364;3.26;Brazil2013;0.752;2,472,806,919,902;13191;Generation X
Brazil;2013;female;55-74 years;433;14022927;3.09;Brazil2013;0.752;2,472,806,919,902;13191;Boomers
Brazil;2013;female;75+ years;88;3462431;2.54;Brazil2013;0.752;2,472,806,919,902;13191;Silent
Brazil;2013;female;25-34 years;393;17492228;2.25;Brazil2013;0.752;2,472,806,919,902;13191;Millenials
Brazil;2013;female;15-24 years;362;17123318;2.11;Brazil2013;0.752;2,472,806,919,902;13191;Millenials
Brazil;2013;male;5-14 years;72;16555477;0.43;Brazil2013;0.752;2,472,806,919,902;13191;Generation Z
Brazil;2013;female;5-14 years;50;15923724;0.31;Brazil2013;0.752;2,472,806,919,902;13191;Generation Z
Brazil;2014;male;75+ years;390;2349303;16.6;Brazil2014;0.755;2,455,993,625,159;12975;Silent
Brazil;2014;male;55-74 years;1534;12492114;12.28;Brazil2014;0.755;2,455,993,625,159;12975;Boomers
Brazil;2014;male;35-54 years;3050;26475231;11.52;Brazil2014;0.755;2,455,993,625,159;12975;Generation X
Brazil;2014;male;25-34 years;1982;17601477;11.26;Brazil2014;0.755;2,455,993,625,159;12975;Millenials
Brazil;2014;male;15-24 years;1358;17606681;7.71;Brazil2014;0.755;2,455,993,625,159;12975;Millenials
Brazil;2014;female;35-54 years;871;27971096;3.11;Brazil2014;0.755;2,455,993,625,159;12975;Generation X
Brazil;2014;female;55-74 years;389;14550395;2.67;Brazil2014;0.755;2,455,993,625,159;12975;Boomers
Brazil;2014;female;25-34 years;457;17539955;2.61;Brazil2014;0.755;2,455,993,625,159;12975;Millenials
Brazil;2014;female;75+ years;83;3634999;2.28;Brazil2014;0.755;2,455,993,625,159;12975;Silent
Brazil;2014;female;15-24 years;371;17094729;2.17;Brazil2014;0.755;2,455,993,625,159;12975;Millenials
Brazil;2014;male;5-14 years;84;16299015;0.52;Brazil2014;0.755;2,455,993,625,159;12975;Generation Z
Brazil;2014;female;5-14 years;62;15670559;0.4;Brazil2014;0.755;2,455,993,625,159;12975;Generation Z
Brazil;2015;male;75+ years;470;2448560;19.19;Brazil2015;;1,802,214,373,741;9431;Silent
Brazil;2015;male;55-74 years;1693;12987357;13.04;Brazil2015;;1,802,214,373,741;9431;Boomers
Brazil;2015;male;35-54 years;3238;26989063;12;Brazil2015;;1,802,214,373,741;9431;Generation X
Brazil;2015;male;25-34 years;1897;17625976;10.76;Brazil2015;;1,802,214,373,741;9431;Millenials
Brazil;2015;male;15-24 years;1389;17569045;7.91;Brazil2015;;1,802,214,373,741;9431;Millenials
Brazil;2015;female;35-54 years;910;28461855;3.2;Brazil2015;;1,802,214,373,741;9431;Generation X
Brazil;2015;female;55-74 years;479;15122216;3.17;Brazil2015;;1,802,214,373,741;9431;Boomers
Brazil;2015;female;25-34 years;466;17546090;2.66;Brazil2015;;1,802,214,373,741;9431;Millenials
Brazil;2015;female;75+ years;89;3802086;2.34;Brazil2015;;1,802,214,373,741;9431;Silent
Brazil;2015;female;15-24 years;397;17047218;2.33;Brazil2015;;1,802,214,373,741;9431;Millenials
Brazil;2015;male;5-14 years;79;16057040;0.49;Brazil2015;;1,802,214,373,741;9431;Generation Z
Brazil;2015;female;5-14 years;56;15430579;0.36;Brazil2015;;1,802,214,373,741;9431;Generation Z
Chile;2010;male;75+ years;98;241464;40.59;Chile2010;0.814;218,537,551,220;13874;Silent
Chile;2010;male;35-54 years;607;2329802;26.05;Chile2010;0.814;218,537,551,220;13874;Generation X
Chile;2010;male;25-34 years;307;1289792;23.8;Chile2010;0.814;218,537,551,220;13874;Generation X
Chile;2010;male;55-74 years;273;1162662;23.48;Chile2010;0.814;218,537,551,220;13874;Silent
Chile;2010;male;15-24 years;315;1442868;21.83;Chile2010;0.814;218,537,551,220;13874;Millenials
Chile;2010;female;15-24 years;90;1391250;6.47;Chile2010;0.814;218,537,551,220;13874;Millenials
Chile;2010;female;35-54 years;150;2348223;6.39;Chile2010;0.814;218,537,551,220;13874;Generation X
Chile;2010;female;25-34 years;78;1257779;6.2;Chile2010;0.814;218,537,551,220;13874;Generation X
Chile;2010;female;55-74 years;45;1307594;3.44;Chile2010;0.814;218,537,551,220;13874;Silent
Chile;2010;female;75+ years;10;404348;2.47;Chile2010;0.814;218,537,551,220;13874;Silent
Chile;2010;male;5-14 years;18;1311312;1.37;Chile2010;0.814;218,537,551,220;13874;Generation Z
Chile;2010;female;5-14 years;10;1264757;0.79;Chile2010;0.814;218,537,551,220;13874;Generation Z
Chile;2011;male;75+ years;89;250197;35.57;Chile2011;0.821;252,251,992,029;15854;Silent
Chile;2011;male;55-74 years;339;1205080;28.13;Chile2011;0.821;252,251,992,029;15854;Boomers
Chile;2011;male;25-34 years;330;1309717;25.2;Chile2011;0.821;252,251,992,029;15854;Millenials
Chile;2011;male;35-54 years;575;2350457;24.46;Chile2011;0.821;252,251,992,029;15854;Generation X
Chile;2011;male;15-24 years;312;1441346;21.65;Chile2011;0.821;252,251,992,029;15854;Millenials
Chile;2011;female;35-54 years;158;2367343;6.67;Chile2011;0.821;252,251,992,029;15854;Generation X
Chile;2011;female;25-34 years;67;1274974;5.26;Chile2011;0.821;252,251,992,029;15854;Millenials
Chile;2011;female;15-24 years;69;1388507;4.97;Chile2011;0.821;252,251,992,029;15854;Millenials
Chile;2011;female;55-74 years;50;1351263;3.7;Chile2011;0.821;252,251,992,029;15854;Boomers
Chile;2011;female;75+ years;14;417296;3.35;Chile2011;0.821;252,251,992,029;15854;Silent
Chile;2011;female;5-14 years;12;1253907;0.96;Chile2011;0.821;252,251,992,029;15854;Generation Z
Chile;2011;male;5-14 years;12;1300696;0.92;Chile2011;0.821;252,251,992,029;15854;Generation Z
Chile;2012;male;75+ years;101;258082;39.13;Chile2012;0.827;267,122,320,057;16617;Silent
Chile;2012;male;25-34 years;319;1333713;23.92;Chile2012;0.827;267,122,320,057;16617;Millenials
Chile;2012;male;35-54 years;555;2370451;23.41;Chile2012;0.827;267,122,320,057;16617;Generation X
Chile;2012;male;55-74 years;285;1250017;22.8;Chile2012;0.827;267,122,320,057;16617;Boomers
Chile;2012;male;15-24 years;242;1435400;16.86;Chile2012;0.827;267,122,320,057;16617;Millenials
Chile;2012;female;35-54 years;138;2385205;5.79;Chile2012;0.827;267,122,320,057;16617;Generation X
Chile;2012;female;25-34 years;62;1296016;4.78;Chile2012;0.827;267,122,320,057;16617;Millenials
Chile;2012;female;15-24 years;62;1381401;4.49;Chile2012;0.827;267,122,320,057;16617;Millenials
Chile;2012;female;55-74 years;52;1397521;3.72;Chile2012;0.827;267,122,320,057;16617;Boomers
Chile;2012;female;75+ years;10;429697;2.33;Chile2012;0.827;267,122,320,057;16617;Silent
Chile;2012;male;5-14 years;8;1292347;0.62;Chile2012;0.827;267,122,320,057;16617;Generation Z
Chile;2012;female;5-14 years;7;1245397;0.56;Chile2012;0.827;267,122,320,057;16617;Generation Z
Chile;2013;male;75+ years;82;265665;30.87;Chile2013;0.83;278,384,332,694;17140;Silent
Chile;2013;male;55-74 years;288;1296922;22.21;Chile2013;0.83;278,384,332,694;17140;Boomers
Chile;2013;male;25-34 years;298;1359760;21.92;Chile2013;0.83;278,384,332,694;17140;Millenials
Chile;2013;male;35-54 years;516;2389789;21.59;Chile2013;0.83;278,384,332,694;17140;Generation X
Chile;2013;male;15-24 years;224;1425807;15.71;Chile2013;0.83;278,384,332,694;17140;Millenials
Chile;2013;female;35-54 years;130;2401833;5.41;Chile2013;0.83;278,384,332,694;17140;Generation X
Chile;2013;female;15-24 years;60;1370723;4.38;Chile2013;0.83;278,384,332,694;17140;Millenials
Chile;2013;female;25-34 years;52;1318935;3.94;Chile2013;0.83;278,384,332,694;17140;Millenials
Chile;2013;female;55-74 years;54;1445681;3.74;Chile2013;0.83;278,384,332,694;17140;Boomers
Chile;2013;female;75+ years;14;442189;3.17;Chile2013;0.83;278,384,332,694;17140;Silent
Chile;2013;male;5-14 years;12;1285975;0.93;Chile2013;0.83;278,384,332,694;17140;Generation Z
Chile;2013;female;5-14 years;8;1238965;0.65;Chile2013;0.83;278,384,332,694;17140;Generation Z
Chile;2014;male;75+ years;92;273608;33.62;Chile2014;0.832;260,584,090,571;15883;Silent
Chile;2014;male;55-74 years;308;1345116;22.9;Chile2014;0.832;260,584,090,571;15883;Boomers
Chile;2014;male;35-54 years;536;2408469;22.25;Chile2014;0.832;260,584,090,571;15883;Generation X
Chile;2014;male;25-34 years;289;1384843;20.87;Chile2014;0.832;260,584,090,571;15883;Millenials
Chile;2014;male;15-24 years;238;1413924;16.83;Chile2014;0.832;260,584,090,571;15883;Millenials
Chile;2014;female;35-54 years;127;2417192;5.25;Chile2014;0.832;260,584,090,571;15883;Generation X
Chile;2014;female;25-34 years;60;1340788;4.47;Chile2014;0.832;260,584,090,571;15883;Millenials
Chile;2014;female;15-24 years;58;1357865;4.27;Chile2014;0.832;260,584,090,571;15883;Millenials
Chile;2014;female;55-74 years;52;1494867;3.48;Chile2014;0.832;260,584,090,571;15883;Boomers
Chile;2014;female;75+ years;8;455627;1.76;Chile2014;0.832;260,584,090,571;15883;Silent
Chile;2014;male;5-14 years;12;1280751;0.94;Chile2014;0.832;260,584,090,571;15883;Generation Z
Chile;2014;female;5-14 years;9;1233817;0.73;Chile2014;0.832;260,584,090,571;15883;Generation Z
Chile;2015;male;75+ years;117;282308;41.44;Chile2015;;243,999,477,738;14729;Silent
Chile;2015;male;55-74 years;301;1394272;21.59;Chile2015;;243,999,477,738;14729;Boomers
Chile;2015;male;35-54 years;513;2426719;21.14;Chile2015;;243,999,477,738;14729;Generation X
Chile;2015;male;25-34 years;296;1406921;21.04;Chile2015;;243,999,477,738;14729;Millenials
Chile;2015;male;15-24 years;224;1400822;15.99;Chile2015;;243,999,477,738;14729;Millenials
Chile;2015;female;35-54 years;136;2431495;5.59;Chile2015;;243,999,477,738;14729;Generation X
Chile;2015;female;55-74 years;78;1544550;5.05;Chile2015;;243,999,477,738;14729;Boomers
Chile;2015;female;25-34 years;66;1359598;4.85;Chile2015;;243,999,477,738;14729;Millenials
Chile;2015;female;15-24 years;64;1343941;4.76;Chile2015;;243,999,477,738;14729;Millenials
Chile;2015;female;75+ years;21;470618;4.46;Chile2015;;243,999,477,738;14729;Silent
Chile;2015;female;5-14 years;13;1228869;1.06;Chile2015;;243,999,477,738;14729;Generation Z
Chile;2015;male;5-14 years;9;1275612;0.71;Chile2015;;243,999,477,738;14729;Generation Z
Ecuador;2010;male;15-24 years;214;1436267;14.9;Ecuador2010;0.717;69,555,367,000;5206;Millenials
Ecuador;2010;male;25-34 years;171;1181648;14.47;Ecuador2010;0.717;69,555,367,000;5206;Generation X
Ecuador;2010;male;35-54 years;165;1639225;10.07;Ecuador2010;0.717;69,555,367,000;5206;Generation X
Ecuador;2010;male;55-74 years;68;713198;9.53;Ecuador2010;0.717;69,555,367,000;5206;Silent
Ecuador;2010;male;75+ years;14;160404;8.73;Ecuador2010;0.717;69,555,367,000;5206;Silent
Ecuador;2010;female;15-24 years;113;1395797;8.1;Ecuador2010;0.717;69,555,367,000;5206;Millenials
Ecuador;2010;female;25-34 years;60;1175139;5.11;Ecuador2010;0.717;69,555,367,000;5206;Generation X
Ecuador;2010;female;75+ years;6;200768;2.99;Ecuador2010;0.717;69,555,367,000;5206;Silent
Ecuador;2010;female;55-74 years;18;766861;2.35;Ecuador2010;0.717;69,555,367,000;5206;Silent
Ecuador;2010;female;35-54 years;39;1675740;2.33;Ecuador2010;0.717;69,555,367,000;5206;Generation X
Ecuador;2010;male;5-14 years;26;1536680;1.69;Ecuador2010;0.717;69,555,367,000;5206;Generation Z
Ecuador;2010;female;5-14 years;18;1478558;1.22;Ecuador2010;0.717;69,555,367,000;5206;Generation Z
Ecuador;2011;male;15-24 years;200;1449571;13.8;Ecuador2011;0.723;79,276,664,000;5836;Millenials
Ecuador;2011;male;25-34 years;161;1202963;13.38;Ecuador2011;0.723;79,276,664,000;5836;Millenials
Ecuador;2011;male;55-74 years;83;741610;11.19;Ecuador2011;0.723;79,276,664,000;5836;Boomers
Ecuador;2011;male;75+ years;18;166244;10.83;Ecuador2011;0.723;79,276,664,000;5836;Silent
Ecuador;2011;male;35-54 years;160;1677115;9.54;Ecuador2011;0.723;79,276,664,000;5836;Generation X
Ecuador;2011;female;15-24 years;120;1408696;8.52;Ecuador2011;0.723;79,276,664,000;5836;Millenials
Ecuador;2011;female;25-34 years;51;1195816;4.26;Ecuador2011;0.723;79,276,664,000;5836;Millenials
Ecuador;2011;female;35-54 years;45;1715068;2.62;Ecuador2011;0.723;79,276,664,000;5836;Generation X
Ecuador;2011;female;5-14 years;32;1480934;2.16;Ecuador2011;0.723;79,276,664,000;5836;Generation Z
Ecuador;2011;male;5-14 years;32;1539867;2.08;Ecuador2011;0.723;79,276,664,000;5836;Generation Z
Ecuador;2011;female;75+ years;4;208097;1.92;Ecuador2011;0.723;79,276,664,000;5836;Silent
Ecuador;2011;female;55-74 years;12;797572;1.5;Ecuador2011;0.723;79,276,664,000;5836;Boomers
Ecuador;2012;male;15-24 years;240;1462193;16.41;Ecuador2012;0.727;87,924,544,000;6364;Millenials
Ecuador;2012;male;25-34 years;164;1225594;13.38;Ecuador2012;0.727;87,924,544,000;6364;Millenials
Ecuador;2012;male;55-74 years;87;771426;11.28;Ecuador2012;0.727;87,924,544,000;6364;Boomers
Ecuador;2012;male;75+ years;19;172083;11.04;Ecuador2012;0.727;87,924,544,000;6364;Silent
Ecuador;2012;male;35-54 years;162;1715827;9.44;Ecuador2012;0.727;87,924,544,000;6364;Generation X
Ecuador;2012;female;15-24 years;118;1420727;8.31;Ecuador2012;0.727;87,924,544,000;6364;Millenials
Ecuador;2012;female;25-34 years;55;1217762;4.52;Ecuador2012;0.727;87,924,544,000;6364;Millenials
Ecuador;2012;female;35-54 years;48;1755189;2.73;Ecuador2012;0.727;87,924,544,000;6364;Generation X
Ecuador;2012;male;5-14 years;39;1544899;2.52;Ecuador2012;0.727;87,924,544,000;6364;Generation Z
Ecuador;2012;female;75+ years;4;215613;1.86;Ecuador2012;0.727;87,924,544,000;6364;Silent
Ecuador;2012;female;5-14 years;27;1484824;1.82;Ecuador2012;0.727;87,924,544,000;6364;Generation Z
Ecuador;2012;female;55-74 years;13;829724;1.57;Ecuador2012;0.727;87,924,544,000;6364;Boomers
Ecuador;2013;male;75+ years;23;178094;12.91;Ecuador2013;0.73;95,129,659,000;6769;Silent
Ecuador;2013;male;15-24 years;156;1473845;10.58;Ecuador2013;0.73;95,129,659,000;6769;Millenials
Ecuador;2013;male;25-34 years;111;1248815;8.89;Ecuador2013;0.73;95,129,659,000;6769;Millenials
Ecuador;2013;male;55-74 years;65;802441;8.1;Ecuador2013;0.73;95,129,659,000;6769;Boomers
Ecuador;2013;female;15-24 years;89;1431562;6.22;Ecuador2013;0.73;95,129,659,000;6769;Millenials
Ecuador;2013;male;35-54 years;106;1755019;6.04;Ecuador2013;0.73;95,129,659,000;6769;Generation X
Ecuador;2013;female;25-34 years;30;1240273;2.42;Ecuador2013;0.73;95,129,659,000;6769;Millenials
Ecuador;2013;male;5-14 years;29;1551821;1.87;Ecuador2013;0.73;95,129,659,000;6769;Generation Z
Ecuador;2013;female;35-54 years;32;1795728;1.78;Ecuador2013;0.73;95,129,659,000;6769;Generation X
Ecuador;2013;female;55-74 years;12;863112;1.39;Ecuador2013;0.73;95,129,659,000;6769;Boomers
Ecuador;2013;female;75+ years;3;223521;1.34;Ecuador2013;0.73;95,129,659,000;6769;Silent
Ecuador;2013;female;5-14 years;20;1490382;1.34;Ecuador2013;0.73;95,129,659,000;6769;Generation Z
Ecuador;2014;male;75+ years;25;184452;13.55;Ecuador2014;0.732;101,726,331,000;7116;Silent
Ecuador;2014;male;15-24 years;164;1484064;11.05;Ecuador2014;0.732;101,726,331,000;7116;Millenials
Ecuador;2014;male;25-34 years;123;1271545;9.67;Ecuador2014;0.732;101,726,331,000;7116;Millenials
Ecuador;2014;male;55-74 years;74;834436;8.87;Ecuador2014;0.732;101,726,331,000;7116;Boomers
Ecuador;2014;male;35-54 years;153;1794205;8.53;Ecuador2014;0.732;101,726,331,000;7116;Generation X
Ecuador;2014;female;15-24 years;77;1440731;5.34;Ecuador2014;0.732;101,726,331,000;7116;Millenials
Ecuador;2014;female;25-34 years;33;1262288;2.61;Ecuador2014;0.732;101,726,331,000;7116;Millenials
Ecuador;2014;male;5-14 years;28;1560323;1.79;Ecuador2014;0.732;101,726,331,000;7116;Generation Z
Ecuador;2014;female;55-74 years;16;897482;1.78;Ecuador2014;0.732;101,726,331,000;7116;Boomers
Ecuador;2014;female;5-14 years;18;1497410;1.2;Ecuador2014;0.732;101,726,331,000;7116;Generation Z
Ecuador;2014;female;35-54 years;22;1836144;1.2;Ecuador2014;0.732;101,726,331,000;7116;Generation X
Ecuador;2014;female;75+ years;1;232065;0.43;Ecuador2014;0.732;101,726,331,000;7116;Silent
Ecuador;2015;male;75+ years;40;191306;20.91;Ecuador2015;;99,290,381,000;6832;Silent
Ecuador;2015;male;15-24 years;234;1492713;15.68;Ecuador2015;;99,290,381,000;6832;Millenials
Ecuador;2015;male;25-34 years;185;1293193;14.31;Ecuador2015;;99,290,381,000;6832;Millenials
Ecuador;2015;male;55-74 years;108;867314;12.45;Ecuador2015;;99,290,381,000;6832;Boomers
Ecuador;2015;male;35-54 years;205;1833181;11.18;Ecuador2015;;99,290,381,000;6832;Generation X
Ecuador;2015;female;15-24 years;110;1448112;7.6;Ecuador2015;;99,290,381,000;6832;Millenials
Ecuador;2015;female;25-34 years;56;1283175;4.36;Ecuador2015;;99,290,381,000;6832;Millenials
Ecuador;2015;female;35-54 years;46;1876229;2.45;Ecuador2015;;99,290,381,000;6832;Generation X
Ecuador;2015;female;55-74 years;22;932718;2.36;Ecuador2015;;99,290,381,000;6832;Boomers
Ecuador;2015;male;5-14 years;35;1569519;2.23;Ecuador2015;;99,290,381,000;6832;Generation Z
Ecuador;2015;female;75+ years;5;241437;2.07;Ecuador2015;;99,290,381,000;6832;Silent
Ecuador;2015;female;5-14 years;27;1505127;1.79;Ecuador2015;;99,290,381,000;6832;Generation Z
Paraguay;2010;male;75+ years;6;55046;10.9;Paraguay2010;0.668;20,030,528,043;3619;Silent
Paraguay;2010;male;15-24 years;54;655068;8.24;Paraguay2010;0.668;20,030,528,043;3619;Millenials
Paraguay;2010;male;25-34 years;36;502955;7.16;Paraguay2010;0.668;20,030,528,043;3619;Generation X
Paraguay;2010;male;55-74 years;20;290394;6.89;Paraguay2010;0.668;20,030,528,043;3619;Silent
Paraguay;2010;male;35-54 years;42;612290;6.86;Paraguay2010;0.668;20,030,528,043;3619;Generation X
Paraguay;2010;female;15-24 years;30;632271;4.74;Paraguay2010;0.668;20,030,528,043;3619;Millenials
Paraguay;2010;female;75+ years;2;69409;2.88;Paraguay2010;0.668;20,030,528,043;3619;Silent
Paraguay;2010;female;35-54 years;13;591324;2.2;Paraguay2010;0.668;20,030,528,043;3619;Generation X
Paraguay;2010;female;55-74 years;6;286507;2.09;Paraguay2010;0.668;20,030,528,043;3619;Silent
Paraguay;2010;female;25-34 years;9;483820;1.86;Paraguay2010;0.668;20,030,528,043;3619;Generation X
Paraguay;2010;female;5-14 years;3;665063;0.45;Paraguay2010;0.668;20,030,528,043;3619;Generation Z
Paraguay;2010;male;5-14 years;2;690556;0.29;Paraguay2010;0.668;20,030,528,043;3619;Generation Z
Paraguay;2011;male;75+ years;9;57390;15.68;Paraguay2011;0.671;25,099,681,461;4474;Silent
Paraguay;2011;male;15-24 years;84;660879;12.71;Paraguay2011;0.671;25,099,681,461;4474;Millenials
Paraguay;2011;male;25-34 years;57;518996;10.98;Paraguay2011;0.671;25,099,681,461;4474;Millenials
Paraguay;2011;male;35-54 years;47;622380;7.55;Paraguay2011;0.671;25,099,681,461;4474;Generation X
Paraguay;2011;male;55-74 years;18;300442;5.99;Paraguay2011;0.671;25,099,681,461;4474;Boomers
Paraguay;2011;female;15-24 years;32;637360;5.02;Paraguay2011;0.671;25,099,681,461;4474;Millenials
Paraguay;2011;female;25-34 years;18;499220;3.61;Paraguay2011;0.671;25,099,681,461;4474;Millenials
Paraguay;2011;female;35-54 years;14;601068;2.33;Paraguay2011;0.671;25,099,681,461;4474;Generation X
Paraguay;2011;female;55-74 years;6;296138;2.03;Paraguay2011;0.671;25,099,681,461;4474;Boomers
Paraguay;2011;male;5-14 years;7;685194;1.02;Paraguay2011;0.671;25,099,681,461;4474;Generation Z
Paraguay;2011;female;5-14 years;6;659621;0.91;Paraguay2011;0.671;25,099,681,461;4474;Generation Z
Paraguay;2011;female;75+ years;0;71811;0;Paraguay2011;0.671;25,099,681,461;4474;Silent
Paraguay;2012;male;75+ years;7;59901;11.69;Paraguay2012;0.669;24,595,319,574;4319;Silent
Paraguay;2012;male;15-24 years;62;667289;9.29;Paraguay2012;0.669;24,595,319,574;4319;Millenials
Paraguay;2012;male;25-34 years;41;535053;7.66;Paraguay2012;0.669;24,595,319,574;4319;Millenials
Paraguay;2012;male;35-54 years;47;634551;7.41;Paraguay2012;0.669;24,595,319,574;4319;Generation X
Paraguay;2012;male;55-74 years;20;310836;6.43;Paraguay2012;0.669;24,595,319,574;4319;Boomers
Paraguay;2012;female;15-24 years;41;643043;6.38;Paraguay2012;0.669;24,595,319,574;4319;Millenials
Paraguay;2012;female;75+ years;3;74473;4.03;Paraguay2012;0.669;24,595,319,574;4319;Silent
Paraguay;2012;female;25-34 years;17;514812;3.3;Paraguay2012;0.669;24,595,319,574;4319;Millenials
Paraguay;2012;female;55-74 years;8;306185;2.61;Paraguay2012;0.669;24,595,319,574;4319;Boomers
Paraguay;2012;female;35-54 years;12;612639;1.96;Paraguay2012;0.669;24,595,319,574;4319;Generation X
Paraguay;2012;male;5-14 years;10;681050;1.47;Paraguay2012;0.669;24,595,319,574;4319;Generation Z
Paraguay;2012;female;5-14 years;7;655451;1.07;Paraguay2012;0.669;24,595,319,574;4319;Generation Z
Paraguay;2013;male;75+ years;11;62499;17.6;Paraguay2013;0.677;28,965,906,502;5006;Silent
Paraguay;2013;male;15-24 years;88;673551;13.07;Paraguay2013;0.677;28,965,906,502;5006;Millenials
Paraguay;2013;male;25-34 years;60;550647;10.9;Paraguay2013;0.677;28,965,906,502;5006;Millenials
Paraguay;2013;male;55-74 years;34;321545;10.57;Paraguay2013;0.677;28,965,906,502;5006;Boomers
Paraguay;2013;male;35-54 years;46;648452;7.09;Paraguay2013;0.677;28,965,906,502;5006;Generation X
Paraguay;2013;female;15-24 years;34;648644;5.24;Paraguay2013;0.677;28,965,906,502;5006;Millenials
Paraguay;2013;female;75+ years;2;77315;2.59;Paraguay2013;0.677;28,965,906,502;5006;Silent
Paraguay;2013;female;35-54 years;14;625749;2.24;Paraguay2013;0.677;28,965,906,502;5006;Generation X
Paraguay;2013;female;5-14 years;14;652740;2.14;Paraguay2013;0.677;28,965,906,502;5006;Generation Z
Paraguay;2013;female;25-34 years;8;530115;1.51;Paraguay2013;0.677;28,965,906,502;5006;Millenials
Paraguay;2013;female;55-74 years;4;316626;1.26;Paraguay2013;0.677;28,965,906,502;5006;Boomers
Paraguay;2013;male;5-14 years;8;678324;1.18;Paraguay2013;0.677;28,965,906,502;5006;Generation Z
Paraguay;2014;male;15-24 years;104;678400;15.33;Paraguay2014;0.679;30,881,166,852;5254;Millenials
Paraguay;2014;male;25-34 years;62;565080;10.97;Paraguay2014;0.679;30,881,166,852;5254;Millenials
Paraguay;2014;male;35-54 years;60;663506;9.04;Paraguay2014;0.679;30,881,166,852;5254;Generation X
Paraguay;2014;male;55-74 years;28;332478;8.42;Paraguay2014;0.679;30,881,166,852;5254;Boomers
Paraguay;2014;male;75+ years;5;65032;7.69;Paraguay2014;0.679;30,881,166,852;5254;Silent
Paraguay;2014;female;15-24 years;40;652997;6.13;Paraguay2014;0.679;30,881,166,852;5254;Millenials
Paraguay;2014;female;35-54 years;27;639933;4.22;Paraguay2014;0.679;30,881,166,852;5254;Generation X
Paraguay;2014;female;25-34 years;20;544363;3.67;Paraguay2014;0.679;30,881,166,852;5254;Millenials
Paraguay;2014;female;55-74 years;11;327364;3.36;Paraguay2014;0.679;30,881,166,852;5254;Boomers
Paraguay;2014;female;5-14 years;12;651376;1.84;Paraguay2014;0.679;30,881,166,852;5254;Generation Z
Paraguay;2014;male;5-14 years;10;676877;1.48;Paraguay2014;0.679;30,881,166,852;5254;Generation Z
Paraguay;2014;female;75+ years;0;80188;0;Paraguay2014;0.679;30,881,166,852;5254;Silent
Uruguay;2010;male;75+ years;67;76869;87.16;Uruguay2010;0.78;40,284,481,652;12882;Silent
Uruguay;2010;male;55-74 years;106;256883;41.26;Uruguay2010;0.78;40,284,481,652;12882;Silent
Uruguay;2010;male;25-34 years;77;236974;32.49;Uruguay2010;0.78;40,284,481,652;12882;Generation X
Uruguay;2010;male;15-24 years;69;262585;26.28;Uruguay2010;0.78;40,284,481,652;12882;Millenials
Uruguay;2010;male;35-54 years;101;406214;24.86;Uruguay2010;0.78;40,284,481,652;12882;Generation X
Uruguay;2010;female;55-74 years;42;308647;13.61;Uruguay2010;0.78;40,284,481,652;12882;Silent
Uruguay;2010;female;75+ years;14;150385;9.31;Uruguay2010;0.78;40,284,481,652;12882;Silent
Uruguay;2010;female;35-54 years;38;427551;8.89;Uruguay2010;0.78;40,284,481,652;12882;Generation X
Uruguay;2010;female;25-34 years;18;235276;7.65;Uruguay2010;0.78;40,284,481,652;12882;Generation X
Uruguay;2010;female;15-24 years;11;253651;4.34;Uruguay2010;0.78;40,284,481,652;12882;Millenials
Uruguay;2010;female;5-14 years;3;251005;1.2;Uruguay2010;0.78;40,284,481,652;12882;Generation Z
Uruguay;2010;male;5-14 years;1;261266;0.38;Uruguay2010;0.78;40,284,481,652;12882;Generation Z
Uruguay;2012;male;75+ years;65;78821;82.47;Uruguay2012;0.788;51,264,390,116;16264;Silent
Uruguay;2012;male;55-74 years;112;263508;42.5;Uruguay2012;0.788;51,264,390,116;16264;Boomers
Uruguay;2012;male;35-54 years;144;413990;34.78;Uruguay2012;0.788;51,264,390,116;16264;Generation X
Uruguay;2012;male;25-34 years;72;234961;30.64;Uruguay2012;0.788;51,264,390,116;16264;Millenials
Uruguay;2012;male;15-24 years;81;264743;30.6;Uruguay2012;0.788;51,264,390,116;16264;Millenials
Uruguay;2012;female;55-74 years;36;314226;11.46;Uruguay2012;0.788;51,264,390,116;16264;Boomers
Uruguay;2012;female;35-54 years;44;433744;10.14;Uruguay2012;0.788;51,264,390,116;16264;Generation X
Uruguay;2012;female;75+ years;14;155392;9.01;Uruguay2012;0.788;51,264,390,116;16264;Silent
Uruguay;2012;female;25-34 years;16;232940;6.87;Uruguay2012;0.788;51,264,390,116;16264;Millenials
Uruguay;2012;female;15-24 years;12;255688;4.69;Uruguay2012;0.788;51,264,390,116;16264;Millenials
Uruguay;2012;male;5-14 years;2;257123;0.78;Uruguay2012;0.788;51,264,390,116;16264;Generation Z
Uruguay;2012;female;5-14 years;1;246803;0.41;Uruguay2012;0.788;51,264,390,116;16264;Generation Z
Uruguay;2013;male;75+ years;63;79099;79.65;Uruguay2013;0.79;57,531,233,351;18179;Silent
Uruguay;2013;male;55-74 years;89;267909;33.22;Uruguay2013;0.79;57,531,233,351;18179;Boomers
Uruguay;2013;male;25-34 years;77;234385;32.85;Uruguay2013;0.79;57,531,233,351;18179;Millenials
Uruguay;2013;male;35-54 years;118;417858;28.24;Uruguay2013;0.79;57,531,233,351;18179;Generation X
Uruguay;2013;male;15-24 years;73;265054;27.54;Uruguay2013;0.79;57,531,233,351;18179;Millenials
Uruguay;2013;female;75+ years;23;157260;14.63;Uruguay2013;0.79;57,531,233,351;18179;Silent
Uruguay;2013;female;35-54 years;38;436578;8.7;Uruguay2013;0.79;57,531,233,351;18179;Generation X
Uruguay;2013;female;55-74 years;25;318219;7.86;Uruguay2013;0.79;57,531,233,351;18179;Boomers
Uruguay;2013;female;25-34 years;17;231983;7.33;Uruguay2013;0.79;57,531,233,351;18179;Millenials
Uruguay;2013;female;15-24 years;15;255905;5.86;Uruguay2013;0.79;57,531,233,351;18179;Millenials
Uruguay;2013;female;5-14 years;5;244964;2.04;Uruguay2013;0.79;57,531,233,351;18179;Generation Z
Uruguay;2013;male;5-14 years;3;255456;1.17;Uruguay2013;0.79;57,531,233,351;18179;Generation Z
Uruguay;2014;male;75+ years;55;79118;69.52;Uruguay2014;0.793;57,236,013,086;18012;Silent
Uruguay;2014;male;35-54 years;150;421245;35.61;Uruguay2014;0.793;57,236,013,086;18012;Generation X
Uruguay;2014;male;55-74 years;95;272749;34.83;Uruguay2014;0.793;57,236,013,086;18012;Boomers
Uruguay;2014;male;25-34 years;81;234529;34.54;Uruguay2014;0.793;57,236,013,086;18012;Millenials
Uruguay;2014;male;15-24 years;78;264979;29.44;Uruguay2014;0.793;57,236,013,086;18012;Millenials
Uruguay;2014;female;55-74 years;37;322676;11.47;Uruguay2014;0.793;57,236,013,086;18012;Boomers
Uruguay;2014;female;35-54 years;45;438879;10.25;Uruguay2014;0.793;57,236,013,086;18012;Generation X
Uruguay;2014;female;25-34 years;20;231636;8.63;Uruguay2014;0.793;57,236,013,086;18012;Millenials
Uruguay;2014;female;15-24 years;18;255685;7.04;Uruguay2014;0.793;57,236,013,086;18012;Millenials
Uruguay;2014;female;75+ years;11;158956;6.92;Uruguay2014;0.793;57,236,013,086;18012;Silent
Uruguay;2014;male;5-14 years;1;253946;0.39;Uruguay2014;0.793;57,236,013,086;18012;Generation Z
Uruguay;2014;female;5-14 years;0;243247;0;Uruguay2014;0.793;57,236,013,086;18012;Generation Z
Uruguay;2015;male;75+ years;58;78996;73.42;Uruguay2015;;53,274,304,222;16696;Silent
Uruguay;2015;male;55-74 years;133;277870;47.86;Uruguay2015;;53,274,304,222;16696;Boomers
Uruguay;2015;male;25-34 years;96;235597;40.75;Uruguay2015;;53,274,304,222;16696;Millenials
Uruguay;2015;male;35-54 years;135;423963;31.84;Uruguay2015;;53,274,304,222;16696;Generation X
Uruguay;2015;male;15-24 years;74;264562;27.97;Uruguay2015;;53,274,304,222;16696;Millenials
Uruguay;2015;female;75+ years;17;160620;10.58;Uruguay2015;;53,274,304,222;16696;Silent
Uruguay;2015;female;55-74 years;34;327405;10.38;Uruguay2015;;53,274,304,222;16696;Boomers
Uruguay;2015;female;25-34 years;23;232133;9.91;Uruguay2015;;53,274,304,222;16696;Millenials
Uruguay;2015;female;35-54 years;38;440475;8.63;Uruguay2015;;53,274,304,222;16696;Generation X
Uruguay;2015;female;15-24 years;17;255067;6.66;Uruguay2015;;53,274,304,222;16696;Millenials
Uruguay;2015;male;5-14 years;3;252509;1.19;Uruguay2015;;53,274,304,222;16696;Generation Z
Uruguay;2015;female;5-14 years;2;241598;0.83;Uruguay2015;;53,274,304,222;16696;Generation Z
